name,label,select,name_new,label_graph,label_short,domain
RespondentID,NA,TRUE,id,id,person identifier,
DOB,Date of birth,,,,,
Over_18,Are you over the age of 18?,,,,,
Pregnant,ARE YOU PREGNANT?,TRUE,pregnant,pregnant,Are you pregnant?,
Gender,WHAT IS YOUR GENDER?,,,,,
Marital_status,WHAT IS YOUR MARITAL STATUS?,TRUE,marital,marital,What is your marital status?,
Education,HOW FAR DID YOU GO IN SCHOOL?,TRUE,education,education,How far did you go in school?,
Education_other,"Other, please specify:",,,,,
EDUCA0,"Other, please specify:",,,,,
EDUCA1,"Other, please specify:",,,,,
EDUCA2,"Other, please specify:",,,,,
EDUCA3,"Other, please specify:",,,,,
EDUCA4,"Other, please specify:",,,,,
EDUCA5,"Other, please specify:",,,,,
EDUCA6,"Other, please specify:",,,,,
EDUCA7,"Other, please specify:",,,,,
EDUCA8,"Other, please specify:",,,,,
EDUCA9,"Other, please specify:",,,,,
EDUCAA,"Other, please specify:",,,,,
EDUCAB,"Other, please specify:",,,,,
EDUCAC,"Other, please specify:",,,,,
EDUCAD,"Other, please specify:",,,,,
EDUCAE,"Other, please specify:",,,,,
EDUCAF,"Other, please specify:",,,,,
EDUCAG,"Other, please specify:",,,,,
EDUCAH,"Other, please specify:",,,,,
EDUCAI,"Other, please specify:",,,,,
EDUCAJ,"Other, please specify:",,,,,
EDUCAK,"Other, please specify:",,,,,
EDUCAL,"Other, please specify:",,,,,
EDUCAM,"Other, please specify:",,,,,
EDUCAN,"Other, please specify:",,,,,
EDUCAO,"Other, please specify:",,,,,
EDUCAP,"Other, please specify:",,,,,
EDUCAQ,"Other, please specify:",,,,,
EDUCAR,"Other, please specify:",,,,,
EDUCAS,"Other, please specify:",,,,,
EDUCAT,"Other, please specify:",,,,,
EDUCAU,"Other, please specify:",,,,,
EDUCAV,"Other, please specify:",,,,,
EDUCAW,"Other, please specify:",,,,,
EDUCAX,"Other, please specify:",,,,,
EDUCAY,"Other, please specify:",,,,,
EDUCAZ,"Other, please specify:",,,,,
EDUCA10,"Other, please specify:",,,,,
EDUCA11,"Other, please specify:",,,,,
EDUCA12,"Other, please specify:",,,,,
EDUCA13,"Other, please specify:",,,,,
EDUCA14,"Other, please specify:",,,,,
EDUCA15,"Other, please specify:",,,,,
EDUCA16,"Other, please specify:",,,,,
EDUCA17,"Other, please specify:",,,,,
EDUCA18,"Other, please specify:",,,,,
EDUCA19,"Other, please specify:",,,,,
EDUCA1A,"Other, please specify:",,,,,
Miscarriage,Have you ever experienced a miscarriage (a pregnancy loss before 20 weeks)? ,,,,,
Stillbirth,Have you ever experienced a still birth (a pregnancy loss after 20 weeks)? ,,,,,
Terminated,"Have you ever terminated a pregnancy (i.e., had an abortion)? ",,,,,
Current_complications,Have you had any medical problems or complications related to your pregnancy so far? ,,,,,
Country_Code,Final coding for country of residence ,,,,,
Parity,NA,,,,,
Current_conception,How was your baby (this pregnancy) conceived? ,,,,,
Episiotomy,Have you ever experienced an episiotomy (a cut to the tissue between the vagina and the rectum to help a baby to be born)?,,,,,
Current_babies,"How many babies are you carrying (i.e., singleton, twins, triplets)? ",,,,,
Income,WHAT IS YOUR FAMILY INCOME?,,,,,
Weeks_pregnant,HOW MANY WEEKS ALONG IN YOUR PREGNANCY ARE YOU?,TRUE,weeks_pregnant,weeks_pregnant,Duration of pregnancy (weeks),
Care_Provider,Who is your primary care provider for this pregnancy? (choose one),,,,,
Very_satisfied,NA,,,,,
Birthplace,Where do you plan to give birth?,,,,,
INTERVENTIONSTOTM,NA,,,,,
HARMTOTM,NA,,,,,
PAINTOTM,NA,,,,,
SHYTOTM,NA,,,,,
SEXTOTM,NA,,,,,
CSTOTM,NA,,,,,
FOCTOTM,NA,,,,,
INTERFERENCE,NA,,,,,
Know_trauma_vaginal,How many women do you know who have had a difficult or traumatic VAGINAL birth experience? ,,,,,
Know_trauma_cesarean,How many women do you know who have had a difficult or traumatic CESAREAN birth experience? ,,,,,
Know_positive_vaginal,How many women do you know who have had a very positive VAGINAL birth experience? ,,,,,
Know_positive_cesarean,How many women do you know who have had a very positive CESAREAN birth experience? ,,,,,
Births_vaginal_traumatic,Would you describe any of your previous VAGINAL birth experiences as traumatic?,,,,,
Pregnancies,"Including this pregnancy, how many times in your life have you been pregnant?",,,,,
StartDate,NA,,,,,
Due_date,Baby's due date:,,,,,
EndDate,NA,,,,,
Student_FT,Student,,,,,
Student_PT,Student,,,,,
Employed_FT,Employed,,,,,
Employed_PT,Employed,,,,,
Homemaker_FT,Homemaker,,,,,
Homemaker_PT,Homemaker,,,,,
Unemployed_FT,Unemployed,,,,,
Unemloyed_PT,Unemployed,,,,,
SeekingWork_FT,Seeking work,,,,,
SeekingWork_PT,Seeking work,,,,,
Retired_FT,Retired,,,,,
Retired_PT,Retired,,,,,
Disabled_FT,Disabled and unable to work,,,,,
Disabled_PT,Disabled and unable to work,,,,,
City,City/Town:,,,,,
CITY0,City/Town:,,,,,
CITY1,City/Town:,,,,,
CITY2,City/Town:,,,,,
CITY3,City/Town:,,,,,
CITY4,City/Town:,,,,,
CITY5,City/Town:,,,,,
CITY6,City/Town:,,,,,
CITY7,City/Town:,,,,,
CITY8,City/Town:,,,,,
CITY9,City/Town:,,,,,
CITYA,City/Town:,,,,,
CITYB,City/Town:,,,,,
CITYC,City/Town:,,,,,
CITYD,City/Town:,,,,,
CITYE,City/Town:,,,,,
CITYF,City/Town:,,,,,
CITYG,City/Town:,,,,,
CITYH,City/Town:,,,,,
CITYI,City/Town:,,,,,
CITYJ,City/Town:,,,,,
CITYK,City/Town:,,,,,
CITYL,City/Town:,,,,,
CITYM,City/Town:,,,,,
CITYN,City/Town:,,,,,
CITYO,City/Town:,,,,,
CITYP,City/Town:,,,,,
CITYQ,City/Town:,,,,,
CITYR,City/Town:,,,,,
CITYS,City/Town:,,,,,
CITYT,City/Town:,,,,,
CITYU,City/Town:,,,,,
CITYV,City/Town:,,,,,
CITYW,City/Town:,,,,,
CITYX,City/Town:,,,,,
CITYY,City/Town:,,,,,
CITYZ,City/Town:,,,,,
CITY10,City/Town:,,,,,
CITY11,City/Town:,,,,,
CITY12,City/Town:,,,,,
CITY13,City/Town:,,,,,
CITY14,City/Town:,,,,,
CITY15,City/Town:,,,,,
CITY16,City/Town:,,,,,
CITY17,City/Town:,,,,,
CITY18,City/Town:,,,,,
CITY19,City/Town:,,,,,
CITY1A,City/Town:,,,,,
Province,State:,,,,,
PROVI0,State:,,,,,
PROVI1,State:,,,,,
PROVI2,State:,,,,,
PROVI3,State:,,,,,
PROVI4,State:,,,,,
PROVI5,State:,,,,,
PROVI6,State:,,,,,
PROVI7,State:,,,,,
PROVI8,State:,,,,,
PROVI9,State:,,,,,
PROVIA,State:,,,,,
PROVIB,State:,,,,,
PROVIC,State:,,,,,
PROVID,State:,,,,,
PROVIE,State:,,,,,
PROVIF,State:,,,,,
PROVIG,State:,,,,,
PROVIH,State:,,,,,
PROVII,State:,,,,,
PROVIJ,State:,,,,,
PROVIK,State:,,,,,
PROVIL,State:,,,,,
PROVIM,State:,,,,,
PROVIN,State:,,,,,
PROVIO,State:,,,,,
PROVIP,State:,,,,,
PROVIQ,State:,,,,,
PROVIR,State:,,,,,
PROVIS,State:,,,,,
PROVIT,State:,,,,,
PROVIU,State:,,,,,
PROVIV,State:,,,,,
PROVIW,State:,,,,,
PROVIX,State:,,,,,
PROVIY,State:,,,,,
PROVIZ,State:,,,,,
PROVI10,State:,,,,,
PROVI11,State:,,,,,
PROVI12,State:,,,,,
PROVI13,State:,,,,,
PROVI14,State:,,,,,
PROVI15,State:,,,,,
PROVI16,State:,,,,,
PROVI17,State:,,,,,
PROVI18,State:,,,,,
PROVI19,State:,,,,,
PROVI1A,State:,,,,,
Country,Country:,,,,,
COUNT0,Country:,,,,,
COUNT1,Country:,,,,,
COUNT2,Country:,,,,,
COUNT3,Country:,,,,,
COUNT4,Country:,,,,,
COUNT5,Country:,,,,,
COUNT6,Country:,,,,,
COUNT7,Country:,,,,,
COUNT8,Country:,,,,,
COUNT9,Country:,,,,,
COUNTA,Country:,,,,,
COUNTB,Country:,,,,,
COUNTC,Country:,,,,,
COUNTD,Country:,,,,,
COUNTE,Country:,,,,,
COUNTF,Country:,,,,,
COUNTG,Country:,,,,,
COUNTH,Country:,,,,,
COUNTI,Country:,,,,,
COUNTJ,Country:,,,,,
COUNTK,Country:,,,,,
COUNTL,Country:,,,,,
COUNTM,Country:,,,,,
COUNTN,Country:,,,,,
COUNTO,Country:,,,,,
COUNTP,Country:,,,,,
COUNTQ,Country:,,,,,
COUNTR,Country:,,,,,
COUNTS,Country:,,,,,
COUNTT,Country:,,,,,
COUNTU,Country:,,,,,
COUNTV,Country:,,,,,
COUNTW,Country:,,,,,
COUNTX,Country:,,,,,
COUNTY,Country:,,,,,
COUNTZ,Country:,,,,,
COUNT10,Country:,,,,,
COUNT11,Country:,,,,,
COUNT12,Country:,,,,,
COUNT13,Country:,,,,,
COUNT14,Country:,,,,,
COUNT15,Country:,,,,,
COUNT16,Country:,,,,,
COUNT17,Country:,,,,,
COUNT18,Country:,,,,,
COUNT19,Country:,,,,,
COUNT1A,Country:,,,,,
Ethnicity,"RACE/ETHNICITY: Which racial or ethnic group do you most closely identify with? 	",,,,,
Ethnicity_Other,Other (please specify):,,,,,
ETHNI0,Other (please specify):,,,,,
ETHNI1,Other (please specify):,,,,,
ETHNI2,Other (please specify):,,,,,
ETHNI3,Other (please specify):,,,,,
ETHNI4,Other (please specify):,,,,,
ETHNI5,Other (please specify):,,,,,
ETHNI6,Other (please specify):,,,,,
ETHNI7,Other (please specify):,,,,,
ETHNI8,Other (please specify):,,,,,
ETHNI9,Other (please specify):,,,,,
ETHNIA,Other (please specify):,,,,,
ETHNIB,Other (please specify):,,,,,
ETHNIC,Other (please specify):,,,,,
ETHNID,Other (please specify):,,,,,
ETHNIE,Other (please specify):,,,,,
ETHNIF,Other (please specify):,,,,,
ETHNIG,Other (please specify):,,,,,
ETHNIH,Other (please specify):,,,,,
ETHNII,Other (please specify):,,,,,
ETHNIJ,Other (please specify):,,,,,
ETHNIK,Other (please specify):,,,,,
ETHNIL,Other (please specify):,,,,,
ETHNIM,Other (please specify):,,,,,
ETHNIN,Other (please specify):,,,,,
ETHNIO,Other (please specify):,,,,,
ETHNIP,Other (please specify):,,,,,
ETHNIQ,Other (please specify):,,,,,
ETHNIR,Other (please specify):,,,,,
ETHNIS,Other (please specify):,,,,,
ETHNIT,Other (please specify):,,,,,
ETHNIU,Other (please specify):,,,,,
ETHNIV,Other (please specify):,,,,,
ETHNIW,Other (please specify):,,,,,
ETHNIX,Other (please specify):,,,,,
ETHNIY,Other (please specify):,,,,,
ETHNIZ,Other (please specify):,,,,,
ETHNI10,Other (please specify):,,,,,
ETHNI11,Other (please specify):,,,,,
ETHNI12,Other (please specify):,,,,,
ETHNI13,Other (please specify):,,,,,
ETHNI14,Other (please specify):,,,,,
ETHNI15,Other (please specify):,,,,,
ETHNI16,Other (please specify):,,,,,
ETHNI17,Other (please specify):,,,,,
ETHNI18,Other (please specify):,,,,,
ETHNI19,Other (please specify):,,,,,
ETHNI1A,Other (please specify):,,,,,
Language,WHICH LANGUAGE DO YOU SPEAK MOST OFTEN AT HOME?,,,,,
LANGU0,WHICH LANGUAGE DO YOU SPEAK MOST OFTEN AT HOME?,,,,,
LANGU1,WHICH LANGUAGE DO YOU SPEAK MOST OFTEN AT HOME?,,,,,
LANGU2,WHICH LANGUAGE DO YOU SPEAK MOST OFTEN AT HOME?,,,,,
LANGU3,WHICH LANGUAGE DO YOU SPEAK MOST OFTEN AT HOME?,,,,,
LANGU4,WHICH LANGUAGE DO YOU SPEAK MOST OFTEN AT HOME?,,,,,
LANGU5,WHICH LANGUAGE DO YOU SPEAK MOST OFTEN AT HOME?,,,,,
LANGU6,WHICH LANGUAGE DO YOU SPEAK MOST OFTEN AT HOME?,,,,,
LANGU7,WHICH LANGUAGE DO YOU SPEAK MOST OFTEN AT HOME?,,,,,
LANGU8,WHICH LANGUAGE DO YOU SPEAK MOST OFTEN AT HOME?,,,,,
LANGU9,WHICH LANGUAGE DO YOU SPEAK MOST OFTEN AT HOME?,,,,,
LANGUA,WHICH LANGUAGE DO YOU SPEAK MOST OFTEN AT HOME?,,,,,
LANGUB,WHICH LANGUAGE DO YOU SPEAK MOST OFTEN AT HOME?,,,,,
LANGUC,WHICH LANGUAGE DO YOU SPEAK MOST OFTEN AT HOME?,,,,,
LANGUD,WHICH LANGUAGE DO YOU SPEAK MOST OFTEN AT HOME?,,,,,
LANGUE,WHICH LANGUAGE DO YOU SPEAK MOST OFTEN AT HOME?,,,,,
LANGUF,WHICH LANGUAGE DO YOU SPEAK MOST OFTEN AT HOME?,,,,,
LANGUG,WHICH LANGUAGE DO YOU SPEAK MOST OFTEN AT HOME?,,,,,
LANGUH,WHICH LANGUAGE DO YOU SPEAK MOST OFTEN AT HOME?,,,,,
LANGUI,WHICH LANGUAGE DO YOU SPEAK MOST OFTEN AT HOME?,,,,,
LANGUJ,WHICH LANGUAGE DO YOU SPEAK MOST OFTEN AT HOME?,,,,,
LANGUK,WHICH LANGUAGE DO YOU SPEAK MOST OFTEN AT HOME?,,,,,
LANGUL,WHICH LANGUAGE DO YOU SPEAK MOST OFTEN AT HOME?,,,,,
LANGUM,WHICH LANGUAGE DO YOU SPEAK MOST OFTEN AT HOME?,,,,,
LANGUN,WHICH LANGUAGE DO YOU SPEAK MOST OFTEN AT HOME?,,,,,
LANGUO,WHICH LANGUAGE DO YOU SPEAK MOST OFTEN AT HOME?,,,,,
LANGUP,WHICH LANGUAGE DO YOU SPEAK MOST OFTEN AT HOME?,,,,,
LANGUQ,WHICH LANGUAGE DO YOU SPEAK MOST OFTEN AT HOME?,,,,,
LANGUR,WHICH LANGUAGE DO YOU SPEAK MOST OFTEN AT HOME?,,,,,
LANGUS,WHICH LANGUAGE DO YOU SPEAK MOST OFTEN AT HOME?,,,,,
LANGUT,WHICH LANGUAGE DO YOU SPEAK MOST OFTEN AT HOME?,,,,,
LANGUU,WHICH LANGUAGE DO YOU SPEAK MOST OFTEN AT HOME?,,,,,
LANGUV,WHICH LANGUAGE DO YOU SPEAK MOST OFTEN AT HOME?,,,,,
LANGUW,WHICH LANGUAGE DO YOU SPEAK MOST OFTEN AT HOME?,,,,,
LANGUX,WHICH LANGUAGE DO YOU SPEAK MOST OFTEN AT HOME?,,,,,
LANGUY,WHICH LANGUAGE DO YOU SPEAK MOST OFTEN AT HOME?,,,,,
LANGUZ,WHICH LANGUAGE DO YOU SPEAK MOST OFTEN AT HOME?,,,,,
LANGU10,WHICH LANGUAGE DO YOU SPEAK MOST OFTEN AT HOME?,,,,,
LANGU11,WHICH LANGUAGE DO YOU SPEAK MOST OFTEN AT HOME?,,,,,
LANGU12,WHICH LANGUAGE DO YOU SPEAK MOST OFTEN AT HOME?,,,,,
LANGU13,WHICH LANGUAGE DO YOU SPEAK MOST OFTEN AT HOME?,,,,,
LANGU14,WHICH LANGUAGE DO YOU SPEAK MOST OFTEN AT HOME?,,,,,
LANGU15,WHICH LANGUAGE DO YOU SPEAK MOST OFTEN AT HOME?,,,,,
LANGU16,WHICH LANGUAGE DO YOU SPEAK MOST OFTEN AT HOME?,,,,,
LANGU17,WHICH LANGUAGE DO YOU SPEAK MOST OFTEN AT HOME?,,,,,
LANGU18,WHICH LANGUAGE DO YOU SPEAK MOST OFTEN AT HOME?,,,,,
LANGU19,WHICH LANGUAGE DO YOU SPEAK MOST OFTEN AT HOME?,,,,,
LANGU1A,WHICH LANGUAGE DO YOU SPEAK MOST OFTEN AT HOME?,,,,,
Language_Coded,Which language(s) do you speak at home,,,,,
Has_kids,Do you have children?,TRUE,haskids,haskids,Do you have children?,
Births,Have you ever given birth before (vaginally or by cesarean section)? ,,,,,
Births_vaginal,How many times have you given birth vaginally?,,,,,
Births_cesarean,How many times have you given birth by cesarean section?,,,,,
Births_cesarean_emerg,"Were any of these emergency cesarean deliveries?	",,,,,
Births_cesarean_traumatic,Would you describe any of your previous CESAREAN birth experiences as traumatic?,,,,,
Assisted_vaginal,"Have you ever experienced an assisted vaginal delivery (i.e., forceps or vacuum delivery)?",,,,,
Current_complications_describe,"If yes, please specify:",,,,,
CURRE1B,"If yes, please specify:",,,,,
CURRE1C,"If yes, please specify:",,,,,
CURRE1D,"If yes, please specify:",,,,,
CURRE1E,"If yes, please specify:",,,,,
CURRE1F,"If yes, please specify:",,,,,
CURRE1G,"If yes, please specify:",,,,,
CURRE1H,"If yes, please specify:",,,,,
CURRE1I,"If yes, please specify:",,,,,
CURRE1J,"If yes, please specify:",,,,,
CURRE1K,"If yes, please specify:",,,,,
CURRE1L,"If yes, please specify:",,,,,
CURRE1M,"If yes, please specify:",,,,,
CURRE1N,"If yes, please specify:",,,,,
CURRE1O,"If yes, please specify:",,,,,
CURRE1P,"If yes, please specify:",,,,,
CURRE1Q,"If yes, please specify:",,,,,
CURRE1R,"If yes, please specify:",,,,,
CURRE1S,"If yes, please specify:",,,,,
CURRE1T,"If yes, please specify:",,,,,
CURRE1U,"If yes, please specify:",,,,,
CURRE1V,"If yes, please specify:",,,,,
CURRE1W,"If yes, please specify:",,,,,
CURRE1X,"If yes, please specify:",,,,,
CURRE1Y,"If yes, please specify:",,,,,
CURRE1Z,"If yes, please specify:",,,,,
CURRE20,"If yes, please specify:",,,,,
CURRE21,"If yes, please specify:",,,,,
CURRE22,"If yes, please specify:",,,,,
CURRE23,"If yes, please specify:",,,,,
CURRE24,"If yes, please specify:",,,,,
CURRE25,"If yes, please specify:",,,,,
CURRE26,"If yes, please specify:",,,,,
CURRE27,"If yes, please specify:",,,,,
CURRE28,"If yes, please specify:",,,,,
CURRE29,"If yes, please specify:",,,,,
CURRE2A,"If yes, please specify:",,,,,
CURRE2B,"If yes, please specify:",,,,,
CURRE2C,"If yes, please specify:",,,,,
CURRE2D,"If yes, please specify:",,,,,
CURRE2E,"If yes, please specify:",,,,,
CURRE2F,"If yes, please specify:",,,,,
CURRE2G,"If yes, please specify:",,,,,
CURRE2H,"If yes, please specify:",,,,,
CURRE2I,"If yes, please specify:",,,,,
CURRE2J,"If yes, please specify:",,,,,
CURRE2K,"If yes, please specify:",,,,,
CURRE2L,"If yes, please specify:",,,,,
Current_conception_other,Other (please specify):,,,,,
CURRE0,Other (please specify):,,,,,
CURRE1,Other (please specify):,,,,,
CURRE2,Other (please specify):,,,,,
CURRE3,Other (please specify):,,,,,
CURRE4,Other (please specify):,,,,,
CURRE5,Other (please specify):,,,,,
CURRE6,Other (please specify):,,,,,
CURRE7,Other (please specify):,,,,,
CURRE8,Other (please specify):,,,,,
CURRE9,Other (please specify):,,,,,
CURREA,Other (please specify):,,,,,
CURREB,Other (please specify):,,,,,
CURREC,Other (please specify):,,,,,
CURRED,Other (please specify):,,,,,
CURREE,Other (please specify):,,,,,
CURREF,Other (please specify):,,,,,
CURREG,Other (please specify):,,,,,
CURREH,Other (please specify):,,,,,
CURREI,Other (please specify):,,,,,
CURREJ,Other (please specify):,,,,,
CURREK,Other (please specify):,,,,,
CURREL,Other (please specify):,,,,,
CURREM,Other (please specify):,,,,,
CURREN,Other (please specify):,,,,,
CURREO,Other (please specify):,,,,,
CURREP,Other (please specify):,,,,,
CURREQ,Other (please specify):,,,,,
CURRER,Other (please specify):,,,,,
CURRES,Other (please specify):,,,,,
CURRET,Other (please specify):,,,,,
CURREU,Other (please specify):,,,,,
CURREV,Other (please specify):,,,,,
CURREW,Other (please specify):,,,,,
CURREX,Other (please specify):,,,,,
CURREY,Other (please specify):,,,,,
CURREZ,Other (please specify):,,,,,
CURRE10,Other (please specify):,,,,,
CURRE11,Other (please specify):,,,,,
CURRE12,Other (please specify):,,,,,
CURRE13,Other (please specify):,,,,,
CURRE14,Other (please specify):,,,,,
CURRE15,Other (please specify):,,,,,
CURRE16,Other (please specify):,,,,,
CURRE17,Other (please specify):,,,,,
CURRE18,Other (please specify):,,,,,
CURRE19,Other (please specify):,,,,,
CURRE1A,Other (please specify):,,,,,
Painful_event,Have you ever experienced a very or extremely physically painful life event?,,,,,
Painful_event_describe,Please describe:,,,,,
PAINF0,Please describe:,,,,,
PAINF1,Please describe:,,,,,
PAINF2,Please describe:,,,,,
PAINF3,Please describe:,,,,,
PAINF4,Please describe:,,,,,
PAINF5,Please describe:,,,,,
PAINF6,Please describe:,,,,,
PAINF7,Please describe:,,,,,
PAINF8,Please describe:,,,,,
PAINF9,Please describe:,,,,,
PAINFA,Please describe:,,,,,
PAINFB,Please describe:,,,,,
PAINFC,Please describe:,,,,,
PAINFD,Please describe:,,,,,
PAINFE,Please describe:,,,,,
PAINFF,Please describe:,,,,,
PAINFG,Please describe:,,,,,
PAINFH,Please describe:,,,,,
PAINFI,Please describe:,,,,,
PAINFJ,Please describe:,,,,,
PAINFK,Please describe:,,,,,
PAINFL,Please describe:,,,,,
PAINFM,Please describe:,,,,,
PAINFN,Please describe:,,,,,
PAINFO,Please describe:,,,,,
PAINFP,Please describe:,,,,,
PAINFQ,Please describe:,,,,,
PAINFR,Please describe:,,,,,
PAINFS,Please describe:,,,,,
PAINFT,Please describe:,,,,,
PAINFU,Please describe:,,,,,
PAINFV,Please describe:,,,,,
PAINFW,Please describe:,,,,,
PAINFX,Please describe:,,,,,
PAINFY,Please describe:,,,,,
PAINFZ,Please describe:,,,,,
PAINF10,Please describe:,,,,,
PAINF11,Please describe:,,,,,
PAINF12,Please describe:,,,,,
PAINF13,Please describe:,,,,,
PAINF14,Please describe:,,,,,
PAINF15,Please describe:,,,,,
PAINF16,Please describe:,,,,,
PAINF17,Please describe:,,,,,
PAINF18,Please describe:,,,,,
PAINF19,Please describe:,,,,,
PAINF1A,Please describe:,,,,,
Care_Provider_Other,Other (please specify):,,,,,
CARE_0,Other (please specify):,,,,,
CARE_1,Other (please specify):,,,,,
CARE_2,Other (please specify):,,,,,
CARE_3,Other (please specify):,,,,,
CARE_4,Other (please specify):,,,,,
CARE_5,Other (please specify):,,,,,
CARE_6,Other (please specify):,,,,,
CARE_7,Other (please specify):,,,,,
CARE_8,Other (please specify):,,,,,
CARE_9,Other (please specify):,,,,,
CARE_A,Other (please specify):,,,,,
CARE_B,Other (please specify):,,,,,
CARE_C,Other (please specify):,,,,,
CARE_D,Other (please specify):,,,,,
CARE_E,Other (please specify):,,,,,
CARE_F,Other (please specify):,,,,,
CARE_G,Other (please specify):,,,,,
CARE_H,Other (please specify):,,,,,
CARE_I,Other (please specify):,,,,,
CARE_J,Other (please specify):,,,,,
CARE_K,Other (please specify):,,,,,
CARE_L,Other (please specify):,,,,,
CARE_M,Other (please specify):,,,,,
CARE_N,Other (please specify):,,,,,
CARE_O,Other (please specify):,,,,,
CARE_P,Other (please specify):,,,,,
CARE_Q,Other (please specify):,,,,,
CARE_R,Other (please specify):,,,,,
CARE_S,Other (please specify):,,,,,
CARE_T,Other (please specify):,,,,,
CARE_U,Other (please specify):,,,,,
CARE_V,Other (please specify):,,,,,
CARE_W,Other (please specify):,,,,,
CARE_X,Other (please specify):,,,,,
CARE_Y,Other (please specify):,,,,,
CARE_Z,Other (please specify):,,,,,
CARE_10,Other (please specify):,,,,,
CARE_11,Other (please specify):,,,,,
CARE_12,Other (please specify):,,,,,
CARE_13,Other (please specify):,,,,,
CARE_14,Other (please specify):,,,,,
CARE_15,Other (please specify):,,,,,
CARE_16,Other (please specify):,,,,,
CARE_17,Other (please specify):,,,,,
CARE_18,Other (please specify):,,,,,
CARE_19,Other (please specify):,,,,,
CARE_1A,Other (please specify):,,,,,
Care_Provider_Present,Will this person be present during your labour and delivery?,,,,,
Care_Provider_Satisfaction,How satisfied are you with the prenatal care you are receiving from this person?,,,,,
Present_Partner,Who would you like to have present at the delivery of your baby? (Check all that apply),,,,,
Present_Physician,Who would you like to have present at the delivery of your baby? (Check all that apply),,,,,
Present_OB,Who would you like to have present at the delivery of your baby? (Check all that apply),,,,,
Present_Mother,Who would you like to have present at the delivery of your baby? (Check all that apply),,,,,
Present_Father,Who would you like to have present at the delivery of your baby? (Check all that apply),,,,,
Present_Midwife,Who would you like to have present at the delivery of your baby? (Check all that apply),,,,,
Present_Doula,Who would you like to have present at the delivery of your baby? (Check all that apply),,,,,
Present_Partner_Parents,Who would you like to have present at the delivery of your baby? (Check all that apply),,,,,
Present_Sibling,Who would you like to have present at the delivery of your baby? (Check all that apply),,,,,
Present_Children,Who would you like to have present at the delivery of your baby? (Check all that apply),,,,,
Present_Friends,Who would you like to have present at the delivery of your baby? (Check all that apply),,,,,
Present_Other,Who would you like to have present at the delivery of your baby? (Check all that apply),,,,,
Present_Other_specify,Other (please specify):,,,,,
PRESE0,Other (please specify):,,,,,
PRESE1,Other (please specify):,,,,,
PRESE2,Other (please specify):,,,,,
PRESE3,Other (please specify):,,,,,
PRESE4,Other (please specify):,,,,,
PRESE5,Other (please specify):,,,,,
PRESE6,Other (please specify):,,,,,
PRESE7,Other (please specify):,,,,,
PRESE8,Other (please specify):,,,,,
PRESE9,Other (please specify):,,,,,
PRESEA,Other (please specify):,,,,,
PRESEB,Other (please specify):,,,,,
PRESEC,Other (please specify):,,,,,
PRESED,Other (please specify):,,,,,
PRESEE,Other (please specify):,,,,,
PRESEF,Other (please specify):,,,,,
PRESEG,Other (please specify):,,,,,
PRESEH,Other (please specify):,,,,,
PRESEI,Other (please specify):,,,,,
PRESEJ,Other (please specify):,,,,,
PRESEK,Other (please specify):,,,,,
PRESEL,Other (please specify):,,,,,
PRESEM,Other (please specify):,,,,,
PRESEN,Other (please specify):,,,,,
PRESEO,Other (please specify):,,,,,
PRESEP,Other (please specify):,,,,,
PRESEQ,Other (please specify):,,,,,
PRESER,Other (please specify):,,,,,
PRESES,Other (please specify):,,,,,
PRESET,Other (please specify):,,,,,
PRESEU,Other (please specify):,,,,,
PRESEV,Other (please specify):,,,,,
PRESEW,Other (please specify):,,,,,
PRESEX,Other (please specify):,,,,,
PRESEY,Other (please specify):,,,,,
PRESEZ,Other (please specify):,,,,,
PRESE10,Other (please specify):,,,,,
PRESE11,Other (please specify):,,,,,
PRESE12,Other (please specify):,,,,,
PRESE13,Other (please specify):,,,,,
PRESE14,Other (please specify):,,,,,
PRESE15,Other (please specify):,,,,,
PRESE16,Other (please specify):,,,,,
PRESE17,Other (please specify):,,,,,
PRESE18,Other (please specify):,,,,,
PRESE19,Other (please specify):,,,,,
PRESE1A,Other (please specify):,,,,,
Birthplace_other,Other (please specify):,,,,,
BIRTH0,Other (please specify):,,,,,
BIRTH1,Other (please specify):,,,,,
BIRTH2,Other (please specify):,,,,,
BIRTH3,Other (please specify):,,,,,
BIRTH4,Other (please specify):,,,,,
BIRTH5,Other (please specify):,,,,,
BIRTH6,Other (please specify):,,,,,
BIRTH7,Other (please specify):,,,,,
BIRTH8,Other (please specify):,,,,,
BIRTH9,Other (please specify):,,,,,
BIRTHA,Other (please specify):,,,,,
BIRTHB,Other (please specify):,,,,,
BIRTHC,Other (please specify):,,,,,
BIRTHD,Other (please specify):,,,,,
BIRTHE,Other (please specify):,,,,,
BIRTHF,Other (please specify):,,,,,
BIRTHG,Other (please specify):,,,,,
BIRTHH,Other (please specify):,,,,,
BIRTHI,Other (please specify):,,,,,
BIRTHJ,Other (please specify):,,,,,
BIRTHK,Other (please specify):,,,,,
BIRTHL,Other (please specify):,,,,,
BIRTHM,Other (please specify):,,,,,
BIRTHN,Other (please specify):,,,,,
BIRTHO,Other (please specify):,,,,,
BIRTHP,Other (please specify):,,,,,
BIRTHQ,Other (please specify):,,,,,
BIRTHR,Other (please specify):,,,,,
BIRTHT,Other (please specify):,,,,,
BIRTHU,Other (please specify):,,,,,
BIRTHV,Other (please specify):,,,,,
BIRTHW,Other (please specify):,,,,,
BIRTHX,Other (please specify):,,,,,
BIRTHY,Other (please specify):,,,,,
BIRTHZ,Other (please specify):,,,,,
BIRTH10,Other (please specify):,,,,,
BIRTH11,Other (please specify):,,,,,
BIRTH12,Other (please specify):,,,,,
BIRTH13,Other (please specify):,,,,,
BIRTH14,Other (please specify):,,,,,
BIRTH15,Other (please specify):,,,,,
BIRTH16,Other (please specify):,,,,,
BIRTH17,Other (please specify):,,,,,
BIRTH18,Other (please specify):,,,,,
BIRTH19,Other (please specify):,,,,,
BIRTH1A,Other (please specify):,,,,,
BIRTH1B,Other (please specify):,,,,,
Birth_preference,How would you like your baby to be born?,,,,,
Birth_preference_dichotomized,How would you like your baby to be born? ,,,,,
FOC1,"1 - Losing emotional control in front of other people (being rude, yelling) during labour/birth?",TRUE,foc_01,rude,"1 - Losing emotional control in front of other people (being rude, yelling) during labour/birth?",embarrass
FOC2,2 - Having other people see me urinate during labour/birth?,TRUE,foc_02,urine,2 - Having other people see me urinate during labour/birth?,embarrass
FOC3,3 - Other people seeing me have a bowel movement during labour/birth?,TRUE,foc_03,bowel,3 - Other people seeing me have a bowel movement during labour/birth?,embarrass
FOC4,4 - Other people seeing me naked during labour/birth?,TRUE,foc_04,naked,4 - Other people seeing me naked during labour/birth?,embarrass
FOC5,5 - Not living up to expectations to be strong?,TRUE,foc_05,weak,5 - Not living up to expectations to be strong?,embarrass
FOC6,6 - Being watched by strangers during labour/birth?,TRUE,foc_06,watched,6 - Being watched by strangers during labour/birth?,embarrass
FOC7,7 - Experiencing pain during contractions?,TRUE,foc_07,pain.cnt,7 - Experiencing pain during contractions?,pain
FOC8,8 - Experiencing pain during a vaginal birth?,TRUE,foc_08,pain.vag,8 - Experiencing pain during a vaginal birth?,pain
FOC9,9 - Experiencing pain during a cesarean birth?,TRUE,foc_09,pain.csr,9 - Experiencing pain during a cesarean birth?,pain
FOC10,10 - Experiencing pain during labour?,TRUE,foc_10,pain.lab,10 - Experiencing pain during labour?,pain
FOC11,11 - Experiencing pain while pushing the baby out?,TRUE,foc_11,pain.out,11 - Experiencing pain while pushing the baby out?,pain
FOC12,12 - Not getting the pain medication I need?,TRUE,foc_12,pain.med,12 - Not getting the pain medication I need?,medication
FOC13,13 - Not being able to have an epidural during labour if I want/need one?,TRUE,foc_13,epidur,13 - Not being able to have an epidural during labour if I want/need one?,medication
FOC14,14 - Receiving unwanted pain medication during labour/birth?,TRUE,foc_14,no!med,14 - Receiving unwanted pain medication during labour/birth?,medication
FOC15,15 - Feeling pressure to receive pain medication during labour/birth even though I may not want to?,TRUE,foc_15,press.med,15 - Feeling pressure to receive pain medication during labour/birth even though I may not want to?,medication
FOC16,"16 - Feeling pressure from others to have a natural (unmedicated) childbirth, even though this is not really what I want?",TRUE,foc_16,press.nat,"16 - Feeling pressure from others to have a natural (unmedicated) childbirth, even though this is not really what I want?",medication
FOC17,"17 - Not being able to have the kind of birth I want (i.e., either vaginal or cesarean)?",TRUE,foc_17,no.choice,"17 - Not being able to have the kind of birth I want (i.e., either vaginal or cesarean)?",delivery_mode
FOC18,"18 - Not being able to have a cesarean birth, even though this is what I would prefer?",TRUE,foc_18,no.cesar,"18 - Not being able to have a cesarean birth, even though this is what I would prefer?",delivery_mode
FOC19,"19 - Not being able to have a vaginal birth, even though this is what I would prefer?",TRUE,foc_19,no.vagin,"19 - Not being able to have a vaginal birth, even though this is what I would prefer?",delivery_mode
FOC20,20 - Having a vaginal birth?,TRUE,foc_20,vaginal?,20 - Having a vaginal birth?,delivery_mode
FOC21,21 - Having a cesarean birth?,TRUE,foc_21,ceasarean?,21 - Having a cesarean birth?,delivery_mode
FOC22,22 - The baby being harmed during labour/birth?,TRUE,foc_22,baby.harm,22 - The baby being harmed during labour/birth?,safety_baby
FOC23,23 - The baby dying during labour/birth?,TRUE,foc_23,baby.die,23 - The baby dying during labour/birth?,safety_baby
FOC24,24 - The baby being damaged/handicapped as a consequence of labour/birth?,TRUE,foc_24,baby.dam,24 - The baby being damaged/handicapped as a consequence of labour/birth?,safety_baby
FOC25,"25 - The baby contracting an illness during labour/birth (e.g., Herpes, HIV)?",TRUE,foc_25,baby.ill,"25 - The baby contracting an illness during labour/birth (e.g., Herpes, HIV)?",safety_baby
FOC26,26 - The baby suffocating during labour/birth?,TRUE,foc_26,baby.suff,26 - The baby suffocating during labour/birth?,safety_baby
FOC27,"27 - The baby being hurt by a medical intervention that takes place during labour/birth (e.g., vacuum, anesthetics)?",TRUE,foc_27,baby.hurt,"27 - The baby being hurt by a medical intervention that takes place during labour/birth (e.g., vacuum, anesthetics)?",safety_baby
FOC28,28 - Bleeding too much during labour/birth?,TRUE,foc_28,bleed,28 - Bleeding too much during labour/birth?,safety_mom
FOC29,29 - Being harmed because of incompetent medical care?,TRUE,foc_29,incompetent,29 - Being harmed because of incompetent medical care?,safety_mom
FOC30,30 - Dying during labour/birth?,TRUE,foc_30,die,30 - Dying during labour/birth?,safety_mom
FOC31,31 - Vaginal tearing during labour/birth?,TRUE,foc_31,vag.tear,31 - Vaginal tearing during labour/birth?,safety_mom
FOC32,32 - Rectal tearing/damage as a consequence of labour/birth?,TRUE,foc_32,rec.tear,32 - Rectal tearing/damage as a consequence of labour/birth?,safety_mom
FOC33,33 - Being left with scars from a vaginal birth?,TRUE,foc_33,vag.scars,33 - Being left with scars from a vaginal birth?,body_change
FOC34,34 - Being left with scars from a cesarean birth?,TRUE,foc_34,ces.scars,34 - Being left with scars from a cesarean birth?,body_change
FOC35,35 - Stretching of my vagina from giving birth vaginally?,TRUE,foc_35,vag.stretch,35 - Stretching of my vagina from giving birth vaginally?,body_change
FOC36,36 - My body looking less attractive following the birth?,TRUE,foc_36,less.attract,36 - My body looking less attractive following the birth?,body_change
FOC37,37 - My vagina looking less attractive following a vaginal childbirth?,TRUE,foc_37,vag.atttract,37 - My vagina looking less attractive following a vaginal childbirth?,body_change
FOC38,38 - Enjoying sexual intercourse less because of stretching from a vaginal birth?,TRUE,foc_38,enjoy.sex,38 - Enjoying sexual intercourse less because of stretching from a vaginal birth?,sex_function
FOC39,39 - My partner enjoying sexual intercourse less because of stretching of my vagina from having a vaginal birth?,TRUE,foc_39,enjoy.sex.p,39 - My partner enjoying sexual intercourse less because of stretching of my vagina from having a vaginal birth?,sex_function
FOC40,40 - Having an episiotomy?,TRUE,foc_40,episiotomy,40 - Having an episiotomy?,interventions
FOC41,41 - Requiring vacuum or forceps?,TRUE,foc_41,vacuum,41 - Requiring vacuum or forceps?,interventions
FOC42,42 - Being administered injections?,TRUE,foc_42,injection,42 - Being administered injections?,interventions
FOC43,43 - Having a catheter inserted (a tube inserted into the urethra to collect urine)?,TRUE,foc_43,cetheter,43 - Having a catheter inserted (a tube inserted into the urethra to collect urine)?,interventions
FOC44,44 - Having general anesthetic?,TRUE,foc_44,g.anesthetic,44 - Having general anesthetic?,interventions
FOC45,45 - Having scars or wounds that do not heal properly?,TRUE,foc_45,not.heal,45 - Having scars or wounds that do not heal properly?,interventions
FOC46,46 - Needing to have stitches after the birth?,TRUE,foc_46,stitches,46 - Needing to have stitches after the birth?,interventions
FOC47,47 - Enjoying sexual intercourse less because of pain or discomfort from the birth?,TRUE,foc_47,sex.discumf,47 - Enjoying sexual intercourse less because of pain or discomfort from the birth?,sex_function
FOC48,48 - Being administered an epidural?,TRUE,foc_48,epidural,48 - Being administered an epidural?,interventions
FOC49,49 - Vomiting during labour/birth?,TRUE,foc_49,vomit,49 - Vomiting during labour/birth?,embarrass
FOC_OTHER,Other (please specify):,,,,,
FOC_O0,Other (please specify):,,,,,
FOC_O1,Other (please specify):,,,,,
FOC_O2,Other (please specify):,,,,,
FOC_O3,Other (please specify):,,,,,
FOC_O4,Other (please specify):,,,,,
FOC_O5,Other (please specify):,,,,,
FOC_O6,Other (please specify):,,,,,
FOC_O7,Other (please specify):,,,,,
FOC_O8,Other (please specify):,,,,,
FOC_O9,Other (please specify):,,,,,
FOC_OA,Other (please specify):,,,,,
FOC_OB,Other (please specify):,,,,,
FOC_OC,Other (please specify):,,,,,
FOC_OD,Other (please specify):,,,,,
FOC_OE,Other (please specify):,,,,,
FOC_OF,Other (please specify):,,,,,
FOC_OG,Other (please specify):,,,,,
FOC_OH,Other (please specify):,,,,,
FOC_OI,Other (please specify):,,,,,
FOC_OJ,Other (please specify):,,,,,
FOC_OK,Other (please specify):,,,,,
FOC_OL,Other (please specify):,,,,,
FOC_OM,Other (please specify):,,,,,
FOC_ON,Other (please specify):,,,,,
FOC_OO,Other (please specify):,,,,,
FOC_OP,Other (please specify):,,,,,
FOC_OQ,Other (please specify):,,,,,
FOC_OR,Other (please specify):,,,,,
FOC_OS,Other (please specify):,,,,,
FOC_OT,Other (please specify):,,,,,
FOC_OU,Other (please specify):,,,,,
FOC_OV,Other (please specify):,,,,,
FOC_OW,Other (please specify):,,,,,
FOC_OX,Other (please specify):,,,,,
FOC_OY,Other (please specify):,,,,,
FOC_OZ,Other (please specify):,,,,,
FOC_O10,Other (please specify):,,,,,
FOC_O11,Other (please specify):,,,,,
FOC_O12,Other (please specify):,,,,,
FOC_O13,Other (please specify):,,,,,
FOC_O14,Other (please specify):,,,,,
FOC_O15,Other (please specify):,,,,,
FOC_O16,Other (please specify):,,,,,
FOC_O17,Other (please specify):,,,,,
FOC_O18,Other (please specify):,,,,,
FOC_O19,Other (please specify):,,,,,
FOC_O1A,Other (please specify):,,,,,
FOCI1,Interference 1 - My relationship with my partner/spouse.,,,,,
FOCI2,Interference 2 - My relationships with family members,,,,,
FOCI3,Interference 3 - Other relationships in my life,,,,,
FOCI4,Interference 4 - My relationships with my prenatal caregivers,,,,,
FOCI5,Interference 5 - My work life,,,,,
FOCI6,Interference 6 - My leisure activities,,,,,
FOCI7,Interference 7 - Getting ready for the new baby,,,,,
FOCI_OTHER,Other (please specify):,,,,,
FOCI_0,Other (please specify):,,,,,
FOCI_1,Other (please specify):,,,,,
FOCI_2,Other (please specify):,,,,,
FOCI_3,Other (please specify):,,,,,
FOCI_4,Other (please specify):,,,,,
FOCI_5,Other (please specify):,,,,,
FOCI_6,Other (please specify):,,,,,
FOCI_7,Other (please specify):,,,,,
FOCI_8,Other (please specify):,,,,,
FOCI_9,Other (please specify):,,,,,
FOCI_A,Other (please specify):,,,,,
FOCI_B,Other (please specify):,,,,,
FOCI_C,Other (please specify):,,,,,
FOCI_D,Other (please specify):,,,,,
FOCI_E,Other (please specify):,,,,,
FOCI_F,Other (please specify):,,,,,
FOCI_G,Other (please specify):,,,,,
FOCI_H,Other (please specify):,,,,,
FOCI_I,Other (please specify):,,,,,
FOCI_J,Other (please specify):,,,,,
FOCI_K,Other (please specify):,,,,,
FOCI_L,Other (please specify):,,,,,
FOCI_M,Other (please specify):,,,,,
FOCI_N,Other (please specify):,,,,,
FOCI_O,Other (please specify):,,,,,
FOCI_P,Other (please specify):,,,,,
FOCI_Q,Other (please specify):,,,,,
FOCI_R,Other (please specify):,,,,,
FOCI_S,Other (please specify):,,,,,
FOCI_T,Other (please specify):,,,,,
FOCI_U,Other (please specify):,,,,,
FOCI_V,Other (please specify):,,,,,
FOCI_W,Other (please specify):,,,,,
FOCI_X,Other (please specify):,,,,,
FOCI_Y,Other (please specify):,,,,,
FOCI_Z,Other (please specify):,,,,,
FOCI_10,Other (please specify):,,,,,
FOCI_11,Other (please specify):,,,,,
FOCI_12,Other (please specify):,,,,,
FOCI_13,Other (please specify):,,,,,
FOCI_14,Other (please specify):,,,,,
FOCI_15,Other (please specify):,,,,,
FOCI_16,Other (please specify):,,,,,
FOCI_17,Other (please specify):,,,,,
FOCI_18,Other (please specify):,,,,,
FOCI_19,Other (please specify):,,,,,
FOCI_1A,Other (please specify):,,,,,
WDEQ1_LABOUR_FANTASTIC,Fantastic,,,,,
WDEQ1_R,Fantastic R,,,,,
WDEQ2_LABOUR_FRIGHTFUL,Frightful,,,,,
WDEQ3_LABOUR_LONELY,Lonely,,,,,
WDEQ4_LABOUR_STRONG,Strong,,,,,
WDEQ4_R,Strong R,,,,,
WDEQ5_LABOUR_CONFIDENT,Confident,,,,,
WEDQ5_R,Confident R,,,,,
WDEQ6_LABOUR_AFRAID,Afraid,,,,,
WDEQ7_LABOUR_DESERTED,Deserted,,,,,
WDEQ8_LABOUR_WEAK,Weak,,,,,
WDEQ9_LABOUR_SAFE,Safe,,,,,
WDEQ9_R,Safe R,,,,,
WDEQ10_LABOUR_INDEPENDENT,Independent,,,,,
WDEQ10_R,Independent R,,,,,
WDEQ11_LABOUR_DESOLATE,Desolate,,,,,
WDEQ12_LABOUR_TENSE,Tense,,,,,
WDEQ13_LABOUR_GLAD,Glad,,,,,
WDEQ13_R,Glad R,,,,,
WDEQ14_LABOUR_PROUD,Proud,,,,,
WDEQ14_R,Proud R,,,,,
WDEQ15_LABOUR_ABANDONED,Abandoned,,,,,
WDEQ16_LABOUR_COMPOSED,Composed,,,,,
WDEQ16_R,Composed R,,,,,
WDEQ17_LABOUR_RELAXED,Relaxed,,,,,
WDEQ17_R,Relaxed R,,,,,
WDEQ18_LABOUR_HAPPY,Happy,,,,,
WDEQ18_R,Happy R,,,,,
WDEQ19_LABOUR_PANIC,Panic,,,,,
WDEQ20_LABOUR_HOPELESSNESS,Hopelessness,,,,,
WDEQ21_LABOUR_LONGING,Longing for the child,,,,,
WDEQ21_R,Longing for the child R,,,,,
WDEQ22_LABOUR_CONFIDENCE,Self-confidence,,,,,
WDEQ22_R,Self-confidence R,,,,,
WDEQ23_LABOUR_TRUST,Trust,,,,,
WDEQ23_R,Trust R,,,,,
WDEQ24_LABOUR_PAIN,Pain,,,,,
WDEQ25_LABOUR_BEHAVBADLY,Behave extremely badly,,,,,
WDEQ26_LABOUR_SURRENDER,Surrender control ,,,,,
WDEQ26_R,Surrender control R,,,,,
WDEQ27_LABOUR_LOSECONTROL,Totally lose control of myself,,,,,
WDEQ28_DELIVERY_ENJOYABLE,Extremely enjoyable,,,,,
WDEQ28_R,Extremely enjoyable R,,,,,
WDEQ29_DELIVERY_NATURAL,Extremely natural,,,,,
WDEQ29_R,Extremely natural R,,,,,
WDEQ30_DELIVERY_COURSE,Totally a matter of course,,,,,
WDEQ30_R,Totall a matter of course R,,,,,
WDEQ31_DELIVERY_DANGEROUS,Extremely dangerous,,,,,
WDEQ32_FANTASY_DEATH,Fantasies that your child will die during labour/delivery?,,,,,
WDEQ33_FANTASY_INJURY,Fantasies that your child will be injured during labour/delivery?,,,,,
EPDS1_LAUGH,"OVER THE LAST 7 DAYS:
I have been able to laugh and see the funny side of things ",,,,,
EPDS2_ENJOYMENT,I have looked forward with enjoyment to things ,,,,,
EPDS3_BLAME,I have blamed myself unnecessarily when things went wrong,,,,,
EPDS4_ANXIOUS,I have been anxious or worried for no good reason,,,,,
EPDS5_SCARED,I have felt scared or panicky for no very good reason,,,,,
EPDS6_COPING,Things have been getting on top of me,,,,,
EPDS7_SLEEPING,I have been so unhappy that I have had difficulty sleeping,,,,,
EPDS8_MISERABLE,I have felt sad or miserable,,,,,
EPDS9_CRYING,I have been so unhappy that I have been crying,,,,,
EPDS10_SELFHARM,The thought of harming myself has occurred to me,,,,,
MQ1,MQ1 - I could not remove the hook from a fish that was caught.,,,,,
MQ2,MQ2 - I would feel some revulsion looking at a preserved brain in a bottle.,,,,,
MQ3,"MQ3 - If a badly injured person appears on TV, I turn my head away.",,,,,
MQ4,MQ4 - I dislike looking at pictures of accidents or injuries in magazines.,,,,,
MQ5,MQ5 - I do not mind visiting a hospital and seeing ill or injured persons.,,,,,
MQ6,MQ6 - Medical odors make me tense and uncomfortable.,,,,,
MQ7,MQ7 - I would not go hunting because I could not stand the sight of a dead animal.,,,,,
MQ8,MQ8 - Watching a butcher at work would make me anxious.,,,,,
MQ9,MQ9 - A career as a doctor or nurse is very attractive to me.,,,,,
MQ10,MQ10 - I would feel faint if I saw someone with a wound in the eye.,,,,,
MQ11,MQ11 - Watching people use sharp power tools make me nervous.,,,,,
MQ12,MQ12 - The prospect of getting an injection or seeing someone else get one bothers me quite a bit.,,,,,
MQ13,MQ13 - I feel sick at the sight of blood.,,,,,
MQ14,MQ14 - I enjoy reading articles about modern medical techniques.,,,,,
MQ15,"MQ15 - Injuries, accidents, blood, etc. bother me more than anything else.",,,,,
MQ16,MQ16 - Under no circumstance would I accept an invitation to watch a surgical operation.,,,,,
MQ17,MQ17 - When I see an accident I feel tense.,,,,,
MQ18,MQ18 - It would not bother me to see a bad cut as long as it had been cleaned and stitched.,,,,,
MQ19,MQ19 - Using very sharp knives makes me nervous.,,,,,
MQ20,"MQ20 - Not only do cuts and wounds upset me, but the sight of people with amputated limbs, large scars, or plastic surgery also bother me.",,,,,
MQ21,"MQ21 - If instruments were available, it would be interesting to see the action of the internal organs in a living body.",,,,,
MQ22,MQ22 - I am frightened at the idea of someone drawing a blood sample from me.,,,,,
MQ23,MQ23 - I donâ€™t believe anyone could help a person with a bloody wound without feeling at least a little upset.,,,,,
MQ24,MQ24 - I am terrified by the idea of having surgery.,,,,,
MQ25,MQ25 - I am frightened by the thought that I might some day have to help a person badly hurt in car wreck.,,,,,
MQ26,MQ26 - I shudder to think of accidentally cutting myself.,,,,,
MQ27,MQ27 - The sight of dried blood is repulsive.,,,,,
MQ28,MQ28 - Blood and gore upset me no more than the average person.,,,,,
MQ29,MQ29 - The sight of an open wound nauseates me.,,,,,
MQ30,MQ30 - I could never swab out a wound.,,,,,
INCLUDE_RESPONSES,"Please indicate below if you would like us to include your survey responses in our research. If you respond &quot;No&quot; to the question below, we will not include your responses in our research.",,,,,
filter_.,Previous_CS = 1 (FILTER),,,,,
EPDS3_R,EPDS3 - Reverse Scored,,,,,
EPDS5_R,EPDS5 - Reverse Scored,,,,,
EPDS6_R,EPDS6 - Reverse Scored,,,,,
EPDS7_R,EPDS7 - Reverse Scored,,,,,
EPDS8_R,EPDS8 - Reverse Scored,,,,,
EPDS9_R,EPDS9 - Reverse Scored,,,,,
EPDS10_R,EPDS10 - Reverse Scored,,,,,
EPDSTOTM,NA,,,,,
MQ5R,NA,,,,,
MQ9R,NA,,,,,
MQ14R,NA,,,,,
MQ18R,NA,,,,,
MQ21R,NA,,,,,
MQ28R,NA,,,,,
MQTOTM,NA,,,,,
WDEQA_TOTM,NA,,,,,
WDEQA_TOT,NA,,,,,
WDEQA_SCALED_0_TO_5,NA,,,,,
Singletons_yes,NA,,,,,
Income_recoded,NA,,,,,
Country_recode,NA,,,,,
Episiotomy_yes,NA,,,,,
Painful_event_yes,NA,,,,,
Emergency_CS,NA,,,,,
Traumatic_CS,NA,,,,,
Assisted_vag,NA,,,,,
Test,NA,,,,,
Traumatic_vaginal,NA,,,,,
Previous_CS,NA,,,,,
Previous_vag_delivery,NA,,,,,
Maternal_age,NA,,,,,
Age_35_or_older,NA,,,,,
Age_40_or_older,NA,,,,,
Age_three_categories,NA,,,,,
Education_recode,NA,,,,,
Stillbirth_yes,NA,,,,,
Termination_yes,NA,,,,,
Miscarriage_yes,NA,,,,,
